,max_degree,max_degree,avg_degree,avg_degree,degree_variance,degree_variance,gini_coefficient,gini_coefficient,avg_clustering,avg_clustering,char_path_length,char_path_length,power_law_exponent,power_law_exponent,assortativity,assortativity,degree_centralization,degree_centralization
,mean,std,mean,std,mean,std,mean,std,mean,std,mean,std,mean,std,mean,std,mean,std
alpha,,,,,,,,,,,,,,,,,,
1.0,108.0,12.35583532856709,6.03,0.0,65.55789999999999,5.896269193311984,0.38057688225538977,0.005786100389872223,0.0473024433467531,0.006531570943112305,3.382746946946947,0.03940744990342421,1.6876632723108482,0.05150001759165075,-0.057226540982607474,0.016652502754301694,0.10227662532271806,0.012392989511121449
2.0,815.0,87.1754297698357,6.03,0.0,1659.2225000000005,278.1846774725184,0.4989224543946932,0.00039815342908609965,0.9373390925830097,0.008853774337261673,2.0560046046046048,0.04511681647675881,0.6539019629011493,0.050258712881733086,-0.6818293209775991,0.05186889361315198,0.8114025849496812,0.0874375675974943
3.0,980.0,9.706813185707365,6.03,0.0,2710.1427000000012,90.61734419610629,0.5007744278606965,4.430463779919835e-05,0.9906404549096319,0.0010790814167997971,1.9982158158158156,0.005343847908035757,0.45530689046459516,0.052761158517618985,-0.9066885305849596,0.025141206518556957,0.9768987424297949,0.00973600171886347
4.0,991.3,4.056544780420349,6.03,0.0,2857.8981000000013,46.266150585498245,0.5008532006633499,2.5037102553750066e-05,0.9934603733583238,0.000824272104447826,1.9954182182182183,0.002062929672898487,0.4481363351221412,0.049487880577916546,-0.949976929152562,0.014314197546999943,0.9882327216996482,0.0040687428715567315
